0.055268581,,,,,Mean Running Time: Linear Legression,,
0.054553308,,,,,,,
0.054651099,,,,,IN second,,
0.054519597,,,,,,Execution:,Time in Second
0.054527098,,,,,,1st,0.055268581
0.054607758,,,,,,2nd,0.054553308
0.054541872,,,,,,3rd,0.054651099
0.054634194,,,,,,4th,0.054519597
0.054653025,,,,,,5th,0.054527098
0.054909881,,,,,,6th,0.054607758
,,,,,,7th,0.054541872
,,,,,,8th,0.054634194
,,,,,,9th,0.054653025
,0.054686641,,,,,10th,0.054909881
,,,,,,Mean Time:,0.054686641
